customer_id,first_name,last_name,email,phone_1,phone_2,company,city,country,subscription_date,website
DD37Cf93aecA6Dc,Sheryl,Baxter,zunigavanessa@smith.info,229.077.5154,397.884.0519x718,Rasmussen Group,East Leonard,Chile,2020-08-24,http://www.stephenson.com/
1Ef7b82A4CAAD10,Preston,Lozano,vmata@colon.com,5153435776,686-620-1820x944,Vega-Gentry,East Jimmychester,Djibouti,2021-04-23,http://www.hobbs.com/
6F94879bDAfE5a6,Roy,Berry,beckycarr@hogan.com,+1-539-402-0259,(496)978-3969x58947,Murillo-Perry,Isabelborough,Antigua And Barbuda,2020-03-25,http://www.lawrence.com/
5Cef8BFA16c5e3c,Linda,Olsen,stanleyblackwell@benson.org,001-808-617-6467x12895,+1-813-324-8756,"Dominguez, Mcmillan and Donovan",Bensonview,Dominican Republic,2020-06-02,http://www.good-lyons.com/
053d585Ab6b3159,Joanna,Bender,colinalvarado@miles.net,001-234-203-0635x76146,001-199-446-3860x3486,"Martin, Lang and Andrade",West Priscilla,Slovakia (Slovak Republic),2021-04-17,https://goodwin-ingram.com/
2d08FB17EE273F4,Aimee,Downs,louis27@gilbert.com,(283)437-3886x88321,999-728-1637,Steele Group,Chavezborough,Bosnia And Herzegovina,2020-02-25,http://www.berger.net/
EA4d384DfDbBf77,Darren,Peck,tgates@cantrell.com,(496)452-6181x3291,+1-247-266-0963x4995,"Lester, Woodard and Mitchell",Lake Ana,Pitcairn Islands,2021-08-24,https://www.le.com/
0e04AFde9f225dE,Brett,Mullen,asnow@colon.com,001-583-352-7197x297,001-333-145-0369,"Sanford, Davenport and Giles",Kimport,Bulgaria,2021-04-12,https://hammond-ramsey.com/
C2dE4dEEc489ae0,Sheryl,Meyers,mariokhan@ryan-pope.org,854-138-4911x5772,+1-448-910-2276x729,Browning-Simon,Robersonstad,Cyprus,2020-01-13,https://www.bullock.net/
8C2811a503C7c5a,Michelle,Gallagher,mdyer@escobar.net,739.218.2516x459,001-054-401-0347x617,Beck-Hendrix,Elaineberg,Timor-Leste,2021-11-08,https://arias.com/
216E205d6eBb815,Carl,Schroeder,kirksalas@webb.com,637-854-0256x825,114.336.0784x788,"Oconnell, Meza and Everett",Shannonville,Guernsey,2021-10-20,https://simmons-hurley.com/
CEDec94deE6d69B,Jenna,Dodson,mark42@robbins.com,(041)737-3846,+1-556-888-3485x42608,"Hoffman, Reed and Mcclain",East Andrea,Vietnam,2020-11-29,http://www.douglas.net/
e35426EbDEceaFF,Tracey,Mata,alex56@walls.org,001-949-844-8787,(855)713-8773,Graham-Francis,South Joannamouth,Togo,2021-12-02,http://www.beck.com/
A08A8aF8BE9FaD4,Kristine,Cox,holdenmiranda@clarke.com,786-284-3358x62152,+1-315-627-1796x8074,Carpenter-Cook,Jodyberg,Sri Lanka,2021-02-08,https://www.brandt.com/
6fEaA1b7cab7B6C,Faith,Lutz,cassieparrish@blevins-chapman.net,(781)861-7180x8306,207-185-3665,Carter-Hancock,Burchbury,Singapore,2022-01-26,http://stevenson.org/
8cad0b4CBceaeec,Miranda,Beasley,vduncan@parks-hardy.com,540.085.3135x185,+1-600-462-6432x21881,Singleton and Sons,Desireeshire,Oman,2022-04-12,http://acosta.org/
a5DC21AE3a21eaA,Caroline,Foley,holtgwendolyn@watson-davenport.com,936.222.4746x9924,001-469-948-6341x359,Winters-Mendoza,West Adriennestad,Western Sahara,2021-03-10,http://www.benson-roth.com/
F8Aa9d6DfcBeeF8,Greg,Mata,jaredjuarez@carroll.org,(701)087-2415,(195)156-1861x26241,Valentine LLC,Lake Leslie,Mozambique,2022-03-26,http://pitts-cherry.com/
F160f5Db3EfE973,Clifford,Jacobson,joseph26@jacobson.com,001-151-330-3524x0469,(748)477-7174,Simon LLC,Harmonview,South Georgia And The South Sandwich Islands,2020-09-24,https://mcconnell.com/
0F60FF3DdCd7aB0,Joanna,Kirk,tuckerangie@salazar.net,(266)131-7001x711,(283)312-5579x11543,Mays-Mccormick,Jamesshire,French Polynesia,2021-09-24,https://www.camacho.net/
9F9AdB7B8A6f7F2,Maxwell,Frye,fgibson@drake-webb.com,423.262.3059,202-880-0688x7491,Patterson Inc,East Carly,Malta,2022-01-12,http://www.roberts.com/
FBd0Ded4F02a742,Kiara,Houston,blanchardbob@wallace-shannon.com,001-274-040-3582x10611,+1-528-175-0973x4684,"Manning, Hester and Arroyo",South Alvin,Netherlands,2020-09-15,https://www.reid-potts.com/
2FB0FAA1d429421,Colleen,Howard,rsingleton@ryan-cherry.com,1935085151,(947)115-7711x5488,Greer and Sons,Brittanyview,Paraguay,2020-08-19,http://paul.biz/
010468dAA11382c,Janet,Valenzuela,stefanie71@spence.com,354.259.5062x7538,500.433.2022,Watts-Donaldson,Veronicamouth,Lao People'S Democratic Republic,2020-09-08,https://moreno.biz/
eC1927Ca84E033e,Shane,Wilcox,mariah88@santos.com,(429)005-9030x11004,541-116-4501,Tucker LLC,Bryanville,Albania,2021-04-06,https://www.ramos.com/
09D7D7C8Fe09aea,Marcus,Moody,donnamullins@norris-barrett.org,674-677-8623,909-277-5485x566,Giles Ltd,Kaitlyntown,Panama,2022-05-24,https://www.curry.com/
aBdfcF2c50b0bfD,Dakota,Poole,stacey67@fields.org,(371)987-8576x4720,071-152-1376,Simmons Group,Michealshire,Belarus,2022-02-20,https://sanford-wilcox.biz/
b92EBfdF8a3f0E6,Frederick,Harper,jacobkhan@bright.biz,+1-077-121-1558x0687,264.742.7149,"Hinton, Chaney and Stokes",South Marissatown,Switzerland,2022-05-26,https://callahan.org/
3B5dAAFA41AFa22,Stefanie,Fitzpatrick,wterrell@clark.com,(752)776-3286,+1-472-021-4814x85074,Santana-Duran,Acevedoville,Saint Vincent And The Grenadines,2020-07-30,https://meyers.com/
EDA69ca7a6e96a2,Kent,Bradshaw,qjimenez@boyd.com,+1-472-143-5037x884,126.922.6153,Sawyer PLC,North Harold,Tanzania,2020-04-26,http://maynard-ho.com/
64DCcDFaB9DFd4e,Jack,Tate,gfigueroa@boone-zavala.com,965-108-4406x20714,046.906.1442x6784,"Acosta, Petersen and Morrow",West Samuel,Zimbabwe,2021-09-15,http://www.hawkins-ramsey.com/
679c6c83DD872d6,Tom,Trujillo,tapiagreg@beard.info,416-338-3758,(775)890-7209,Mcgee Group,Cunninghamborough,Denmark,2022-01-13,http://www.daniels-klein.com/
7Ce381e4Afa4ba9,Gabriel,Mejia,coleolson@jennings.net,4077245425,646.044.0696x66800,Adkins-Salinas,Port Annatown,Liechtenstein,2021-04-24,https://patel-hanson.info/
A09AEc6E3bF70eE,Kaitlyn,Santana,georgeross@miles.org,6303643286,447-710-6202x07313,Herrera Group,New Kaitlyn,United States Of America,2021-09-21,http://pham.com/
aA9BAFfBc3710fe,Faith,Moon,willistonya@randolph-baker.com,+1-586-217-0359x6317,+1-818-199-1403,"Waters, Chase and Aguilar",West Marthaburgh,Bahamas,2021-11-03,https://spencer-charles.info/
E11dfb2DB8C9f72,Tammie,Haley,harrisisaiah@jenkins.com,001-276-734-4113x6087,(430)300-8770,"Palmer, Barnes and Houston",East Teresa,Belize,2022-01-04,http://evans-simon.com/
889eCf90f68c5Da,Nicholas,Sosa,fwolfe@dorsey.com,(661)425-6042,975-998-1519,Jordan Ltd,South Hunter,Uruguay,2021-08-10,https://www.fleming-richards.com/
7a1Ee69F4fF4B4D,Jordan,Gay,tiffanydavies@harris-mcfarland.org,7208417020,8035336772,Glover and Sons,South Walter,Solomon Islands,2021-02-24,http://www.lee.org/
dca4f1D0A0fc5c9,Bruce,Esparza,preese@frye-vega.com,559-529-4424,001-625-000-7132x0367,Huerta-Mclean,Poolefurt,Montenegro,2021-10-22,http://www.farley.org/
17aD8e2dB3df03D,Sherry,Garza,ann48@miller.com,001-067-713-6440x158,(978)289-8785x5766,Anderson Ltd,West John,Poland,2021-11-01,http://spence.com/
2f79Cd309624Abb,Natalie,Gentry,tcummings@fitzpatrick-ashley.com,830.996.8238,499.122.5415,Monroe PLC,West Darius,Dominican Republic,2020-10-10,http://www.dorsey.biz/
6e5ad5a5e2bB5Ca,Bryan,Dunn,woodwardandres@phelps.com,001-710-802-5565,078.699.8982x13881,Kaufman and Sons,North Jimstad,Burkina Faso,2021-09-08,http://www.butler.com/
7E441b6B228DBcA,Wayne,Simpson,barbarapittman@holder.com,(344)156-8632x1869,463-445-3702x38463,Perkins-Trevino,East Rebekahborough,Bolivia,2020-12-13,https://gillespie-holder.com/
D3fC11A9C235Dc6,Luis,Greer,bstuart@williamson-mcclure.com,001-336-025-6849x701,684.698.2911x6092,Cross PLC,North Drew,Bulgaria,2022-05-15,https://fletcher-nielsen.com/
30Dfa48fe5Ede78,Rhonda,Frost,zkrueger@wolf-chavez.net,(127)081-9339,+1-431-028-3337x3492,"Herrera, Shepherd and Underwood",Lake Lindaburgh,Monaco,2021-12-06,http://www.khan.com/
fD780ED8dbEae7B,Joanne,Montes,juan80@henson.net,(897)726-7952,(467)886-9467x5721,"Price, Sexton and Mcdaniel",Gwendolynview,Palau,2020-07-01,http://ochoa.com/
300A40d3ce24bBA,Geoffrey,Guzman,bauercrystal@gay.com,975.235.8921x269,(983)188-6873,Short-Wiggins,Zimmermanland,Uzbekistan,2020-04-23,https://decker-kline.com/
283DFCD0Dba40aF,Gloria,Mccall,bartlettjenna@zuniga-moss.biz,445-603-6729,001-395-959-4736x4524,"Brennan, Acosta and Ramos",North Kerriton,Ghana,2022-03-11,http://burgess-frank.com/
F4Fc91fEAEad286,Brady,Cohen,mccalltyrone@durham-rose.biz,741.849.0139x524,+1-028-691-7497x0894,Osborne-Erickson,North Eileenville,United Arab Emirates,2022-03-10,http://hammond-barron.com/
80F33Fd2AcebF05,Latoya,Mccann,bobhammond@barry.biz,(530)287-4548x29481,162-234-0249x32790,"Hobbs, Garrett and Sanford",Port Sergiofort,Belarus,2021-12-02,https://www.burton.com/
Aa20BDe68eAb0e9,Gerald,Hawkins,uwarner@steele-arias.com,+1-323-239-1456x96168,(092)508-0269,"Phelps, Forbes and Koch",New Alberttown,Canada,2021-03-19,https://valenzuela.com/
e898eEB1B9FE22b,Samuel,Crawford,xpittman@ritter-carney.net,802-242-7457,626.116.9535x8578,"May, Goodwin and Martin",South Jasmine,Algeria,2021-03-27,https://guerrero.org/
faCEF517ae7D8eB,Patricia,Goodwin,vaughanchristy@lara.biz,322.549.7139x70040,(111)741-4173,"Christian, Winters and Ellis",Cowanfort,Swaziland,2021-03-08,http://clark.info/
c09952De6Cda8aA,Stacie,Richard,clinton85@colon-arias.org,001-622-948-3641x24810,001-731-168-2893x8891,Byrd Inc,New Deborah,Madagascar,2020-10-15,https://kim.com/
f3BEf3Be028166f,Robin,West,greenemiranda@zimmerman.com,698.303.4267,001-683-837-7651x525,"Nixon, Blackwell and Sosa",Wallstown,Ecuador,2022-01-13,https://www.mora.com/
C6F2Fc6a7948a4e,Ralph,Haas,goodmancesar@figueroa.biz,2239271999,001-962-434-0867x649,Montes PLC,Lake Ellenchester,Palestinian Territory,2020-05-25,http://may.com/
c8FE57cBBdCDcb2,Phyllis,Maldonado,yhanson@warner-diaz.org,4500370767,001-508-064-6725x017,Costa PLC,Lake Whitney,Saint Barthelemy,2021-01-25,http://www.bernard.com/
B5acdFC982124F2,Danny,Parrish,howelldarren@house-cohen.com,(669)384-8597x8794,506.731.5952x571,Novak LLC,East Jaredbury,United Arab Emirates,2021-03-17,http://www.parsons-hudson.com/
8c7DdF10798bCC3,Kathy,Hill,ncamacho@boone-simmons.org,001-171-716-2175x310,888.625.0654,"Moore, Mccoy and Glass",Selenabury,South Georgia And The South Sandwich Islands,2020-11-15,http://hayden.com/
C681dDd0cc422f7,Kelli,Hardy,kristopher62@oliver.com,020.324.2191x2022,424-157-8216,Petty Ltd,Huangfort,Sao Tome And Principe,2020-12-20,http://www.kidd.com/
a940cE42e035F28,Lynn,Pham,mpham@rios-guzman.com,846.468.6834x611,001-248-691-0006,"Brennan, Camacho and Tapia",East Pennyshire,Portugal,2020-08-21,https://www.murphy.com/
9Cf5E6AFE0aeBfd,Shelley,Harris,zachary96@mitchell-bryant.org,423.098.0315x8373,+1-386-458-8944x15194,"Prince, Malone and Pugh",Port Jasminborough,Togo,2020-12-10,https://www.ryan.com/
aEcbe5365BbC67D,Eddie,Jimenez,kristiwhitney@bernard.com,+1-235-657-1073x6306,(026)401-7353x2417,Caldwell Group,West Kristine,Ethiopia,2022-03-24,http://cherry.com/
FCBdfCEAe20A8Dc,Chloe,Hutchinson,leah85@sutton-terrell.com,981-544-9452,+1-288-552-4666x060,Simon LLC,South Julia,Netherlands,2022-05-15,https://mitchell.info/
636cBF0835E10ff,Eileen,Lynch,levigiles@vincent.com,+1-158-951-4131x53578,001-673-779-6713x680,"Knight, Abbott and Hubbard",Helenborough,Liberia,2021-01-02,http://mckay.com/
fF1b6c9E8Fbf1ff,Fernando,Lambert,fisherlinda@schaefer.net,497.829.9038,3863743398,Church-Banks,Lake Nancy,Lithuania,2021-04-23,https://www.vang.com/
2A13F74EAa7DA6c,Makayla,Cannon,scottcurtis@hurley.biz,001-215-801-6392x46009,027-609-6460,Henderson Inc,Georgeport,New Caledonia,2020-01-20,http://www.velazquez.net/
a014Ec1b9FccC1E,Tom,Alvarado,nicholsonnina@montgomery.info,(585)606-2980x2258,730-797-3594x5614,Donaldson-Dougherty,South Sophiaberg,Kiribati,2020-08-18,http://odom-massey.com/
421a109cABDf5fa,Virginia,Dudley,zvalencia@phelps.com,027.846.3705x14184,+1-439-171-1846x4636,Warren Ltd,Hartbury,French Southern Territories,2021-01-31,http://hunter-esparza.com/
CC68FD1D3Bbbf22,Riley,Good,alex06@galloway.com,6977745822,855-436-7641,Wade PLC,Erikaville,Canada,2020-02-03,http://conway.org/
CBCd2Ac8E3eBDF9,Alexandria,Buck,lee48@manning.com,078-900-4760x76668,414-112-8700x68751,Keller-Coffey,Nicolasfort,Iran,2021-02-20,https://ramsey.org/
Ef859092FbEcC07,Richard,Roth,aharper@maddox-townsend.org,581-440-6539,9857827463,Conway-Mcbride,New Jasmineshire,Morocco,2020-02-23,https://www.brooks.com/
F560f2d3cDFb618,Candice,Keller,buckleycory@odonnell.net,001-927-965-8550x92406,001-243-038-4271x53076,Huynh and Sons,East Summerstad,Zimbabwe,2020-08-22,https://www.lucero.com/
A3F76Be153Df4a3,Anita,Benson,angie04@oconnell.com,874.617.5668x69878,(399)820-6418x0071,Parrish Ltd,Skinnerport,Russian Federation,2020-02-09,http://oconnor.com/
D01Af0AF7cBbFeA,Regina,Stein,zrosario@rojas-hardin.net,001-469-848-0724x4407,001-085-360-4426x00357,Guzman-Brown,Raystad,Solomon Islands,2022-01-15,http://www.johnston.info/
d40e89dCade7b2F,Debra,Riddle,shieldskerry@robles.com,+1-768-182-6014x14336,(303)961-4491,"Chang, Aguirre and Leblanc",Colinhaven,United States Virgin Islands,2020-07-11,http://kaiser.info/
BF6a1f9bd1bf8DE,Brittany,Zuniga,mchandler@cochran-huerta.org,(050)136-9025,001-480-851-2496x0157,Mason-Hester,West Reginald,Kyrgyz Republic,2021-07-24,http://www.boyle.com/
FfaeFFbbbf280db,Cassidy,Mcmahon,katrinalane@fitzgerald.com,5040771311,684-682-0021x1326,"Mcguire, Huynh and Hopkins",Lake Sherryborough,Myanmar,2020-10-21,https://hurst.com/
CbAE1d1e9a8dCb1,Laurie,Pennington,cookejill@powell.com,007.155.3406x553,+1-809-862-5566x277,"Sanchez, Marsh and Hale",Port Katherineville,Dominica,2020-06-08,http://www.hebert.com/
A7F85c1DE4dB87f,Alejandro,Blair,elizabethbarr@ewing.com,(690)068-4641x51468,555.509.8691x2329,"Combs, Waller and Durham",Thomasland,Iceland,2020-09-19,https://mercado-blevins.com/
D6CEAfb3BDbaa1A,Leslie,Jennings,corey75@wiggins.com,629.198.6346,075.256.0829,Blankenship-Arias,Coreybury,Micronesia,2021-11-13,https://www.juarez.com/
Ebdb6F6F7c90b69,Kathleen,Mckay,chloelester@higgins-wilkinson.com,(733)910-9968,(691)247-4128x0665,"Coffey, Lamb and Johnson",Lake Janiceton,Saint Vincent And The Grenadines,2021-09-12,http://www.owens-mooney.com/
E8E7e8Cfe516ef0,Hunter,Moreno,isaac26@benton-finley.com,(733)833-6754,001-761-013-7121,Fitzpatrick-Lawrence,East Clinton,Isle Of Man,2020-12-28,http://walls.info/
78C06E9b6B3DF20,Chad,Davidson,justinwalters@jimenez.com,8275702958,(804)842-4715,Garcia-Jimenez,South Joshuashire,Oman,2021-11-15,http://www.garner-oliver.com/
03A1E62ADdeb31c,Corey,Holt,maurice46@morgan.com,001-439-242-4986x7918,3162708934,"Mcdonald, Bird and Ramirez",New Glenda,Fiji,2020-02-18,http://www.watson.com/
C6763c99d0bd16D,Emma,Cunningham,walter83@juarez.org,128-059-0206x60217,(312)164-4545x2284,Stephens Inc,North Jillianview,New Zealand,2022-05-13,http://www.reid.info/
ebe77E5Bf9476CE,Duane,Woods,kmercer@wagner.com,(636)544-7783x7288,(203)287-1003x5932,Montoya-Miller,Lyonsberg,Maldives,2020-07-21,http://murray.org/
E4Bbcd8AD81fC5f,Alison,Vargas,vcantu@norton.com,365-273-8144,053-308-7653x6287,"Vaughn, Watts and Leach",East Cristinabury,Benin,2020-11-10,http://mason.info/
efeb73245CDf1fF,Vernon,Kane,hilljesse@barrett.info,114-854-1159x555,499-608-4612,Carter-Strickland,Thomasfurt,Yemen,2021-04-15,http://www.duffy-hensley.net/
37Ec4B395641c1E,Lori,Flowers,tyrone77@valenzuela.info,679.415.1210,945-842-3659x4581,Decker-Mcknight,North Joeburgh,Namibia,2021-01-09,http://www.deleon-crosby.com/
5ef6d3eefdD43bE,Nina,Chavez,elliserica@frank.com,053-344-3205,+1-330-920-5422x571,Byrd-Campbell,Cassidychester,Bhutan,2020-03-26,https://www.pugh.com/
98b3aeDcC3B9FF3,Shane,Foley,nsteele@sparks.com,+1-822-569-0302,001-626-114-5844x55073,Rocha-Hart,South Dannymouth,Hungary,2021-07-06,https://www.holt-sparks.com/
aAb6AFc7AfD0fF3,Collin,Ayers,dudleyemily@gonzales.biz,404-645-5351x012,001-257-582-8850x8516,Lamb-Peterson,South Lonnie,Anguilla,2021-06-29,http://www.ruiz.com/
54B5B5Fe9F1B6C5,Sherry,Young,alan79@gates-mclaughlin.com,158-687-1764,(438)375-6207x003,"Lee, Lucero and Johnson",Frankchester,Solomon Islands,2021-04-04,https://travis.net/
BE91A0bdcA49Bbc,Darrell,Douglas,grayjean@lowery-good.com,001-084-845-9524x1777,001-769-564-6303,"Newton, Petersen and Mathis",Daisyborough,Mali,2022-02-17,https://banks.biz/
cb8E23e48d22Eae,Karl,Greer,hhart@jensen.com,(188)169-1674x58692,001-841-293-3519x614,Carey LLC,East Richard,Guyana,2022-01-30,http://hayes-perez.com/
CeD220bdAaCfaDf,Lynn,Atkinson,vkemp@ferrell.com,+1-846-706-2218,605.413.3198,"Ware, Burns and Oneal",New Bradview,Sri Lanka,2021-07-10,https://novak-allison.com/
28CDbC0dFe4b1Db,Fred,Guerra,swagner@kane.org,+1-753-067-8419x7170,+1-632-666-7507x92121,Schmitt-Jones,Ortegaland,Solomon Islands,2021-09-18,https://www.ross.com/
c23d1D9EE8DEB0A,Yvonne,Farmer,mccarthystephen@horn-green.biz,(530)311-9786,001-869-452-0943x12424,Fitzgerald-Harrell,Lake Elijahview,Aruba,2021-08-11,http://watkins.info/
2354a0E336A91A1,Clarence,Haynes,colleen91@faulkner.biz,(753)813-6941,783.639.1472,"Le, Nash and Cross",Judymouth,Honduras,2020-03-11,http://www.hatfield-saunders.net/
